belief,strategy
TSLA will crash,Long Put
TSLA will surge this quarter after record deliveries,Bull Call Spread
I want to protect my portfolio against a recession,Long Put
I think TSLA will rally this quarter due to strong EV demand,Bull Call Spread
I believe NVDA will rise after earnings this month.,Bull Call Spread
AAPL has a strong uptrend due to new product launches.,Bull Call Spread
I expect QQQ to stay flat over the next few weeks.,Iron Condor
MSFT looks like it's consolidating at this level.,Iron Condor
I think SPY will drop sharply if interest rates rise.,Long Put
AMZN is showing bearish signals amid market volatility.,Long Put
I want to invest long-term in TSLA.,Buy Stock
I'm bullish on META's future growth.,Buy Stock
I want low-risk income from government bonds.,Bond Ladder
Build me a bond ladder to preserve capital.,Bond Ladder
TSLA will surge this quarter after record deliveries,Bull Call Spread
I expect QQQ to rise sharply after the Fed holds rates,Call Option
I want to hedge against market crash,Long Put
I believe SPY will trade sideways next month,Iron Condor
I think QQQ will rip after the Fed pauses hikes,Bull Call Spread
QQQ will rip if the Fed pauses rate hikes,Bull Call Spread
I expect QQQ to explode upward after the Fed pauses,Bull Call Spread
Rate pause from Fed should launch QQQ higher,Bull Call Spread
Fed pause could trigger massive QQQ rally,Bull Call Spread
Fed pausing hikes means bullish action for QQQ,Bull Call Spread
Fed pause could make QQQ skyrocket,Bull Call Spread
"If the Fed halts rate hikes, QQQ could soar",Bull Call Spread
Markets will cheer a Fed pause and push QQQ up,Bull Call Spread
QQQ is primed to rip on dovish Fed news,Bull Call Spread
Strong tech rebound expected after Fed pause,Bull Call Spread
QQQ will rip if the Fed pauses rate hikes,Bull Call Spread
I expect QQQ to explode upward after the Fed pauses,Bull Call Spread
Rate pause from Fed should launch QQQ higher,Bull Call Spread
Fed pause could trigger massive QQQ rally,Bull Call Spread
Fed pausing hikes means bullish action for QQQ,Bull Call Spread
AAPL looks poised to breakout after earnings,Call Option
"If NVDA beats estimates, it's going to pop",Call Option
GOOG might rip next week with positive AI news,Call Option
AAPL looks poised to breakout after earnings,Call Option
"If NVDA beats estimates, it's going to pop",Call Option
GOOG might rip next week with positive AI news,Call Option
NVDA will surge if earnings blow expectations,Bull Call Spread
NVDA might rally huge if earnings surprise the market,Bull Call Spread
"If NVDA smashes expectations, I'm bullish short-term",Bull Call Spread
Earnings blowout from NVIDIA could cause a price surge,Bull Call Spread
I'm expecting NVDA to blow past earnings and spike,Bull Call Spread
"If NVIDIA beats earnings expectations, it should surge short-term",Bull Call Spread
I’m bullish on NVDA ahead of earnings — big upside potential,Bull Call Spread
NVDA earnings surprise could trigger a short-term breakout,Bull Call Spread
NVDA will surge if earnings blow expectations,Bull Call Spread
Expecting NVDA to rip after earnings crush,Bull Call Spread
"If NVDA beats estimates, price should explode",Bull Call Spread
I'm bullish NVDA into earnings blowout,Bull Call Spread
NVDA should fly if earnings are great,Bull Call Spread
NVDA will likely run if they beat expectations,Bull Call Spread
Nvidia could spike if Q2 earnings are strong,Bull Call Spread
Bullish on NVDA earnings — expect a jump,Bull Call Spread
Thinking NVDA will pop after strong report,Bull Call Spread
NVDA could rip on earnings — short-term trade,Bull Call Spread
NVDA might explode upward after a strong earnings surprise,Bull Call Spread
"If Nvidia beats EPS estimates, I want upside exposure",Bull Call Spread
NVDA is likely to spike on a huge earnings beat,Bull Call Spread
I expect NVDA to rally hard after its earnings report,Bull Call Spread
Earnings blowout by NVDA means potential upside breakout,Bull Call Spread
