belief,strategy
I think NVDA will rally next week,Bull Call Spread
Expecting a big drop in TSLA,Long Put
Looking for dividend income from Apple,Buy Stock for Income
Holding MSFT for long-term growth,Buy Stock
I think SPY will stay flat for a while,Iron Condor
Need stable income with minimal risk,Bond Ladder
AAPL to skyrocket after earnings,Bull Call Spread
Protect against market crash with QQQ puts,Long Put
Buying GOOG for passive income,Buy Stock for Income
Investing in TLT bonds to reduce risk,Bond Ladder
Amazon seems like a good long-term hold,Buy Stock
Expecting sideways action in IWM,Iron Condor
I want to double my money on NVDA,Bull Call Spread
Seeking low-risk retirement income,Bond Ladder
I believe META will fall sharply,Long Put
Holding VTI for passive growth,Buy Stock
Collect income from dividend ETFs,Buy Stock for Income
Apple might trade in a tight range,Iron Condor
TSLA long-term looks promising,Buy Stock
Using options for conservative yield,Iron Condor
Trying to generate income safely,Bond Ladder
Speculating on AAPL upside,Bull Call Spread
Building wealth with S&P 500 ETF,Buy Stock
Looking for regular income from bonds,Bond Ladder
I think GOOGL will decline this month,Long Put
