timestamp,user_id,belief,strategy,ticker,confidence,status,outcome,notes
I believe energy will outperform,long futures,forex
I believe market will stay flat,iron condor,options
Expecting crypto adoption accelerating,long crypto,stocks
Market will stay flat,iron condor,forex
I believe market crash incoming,bear put spread,stocks
Dollar will weaken,long crypto,options
Market crash incoming,bear put spread,options
AI stocks undervalued,long crypto,crypto
Expecting energy will outperform,long futures,forex
Dollar will weaken,long forex eur/usd,bonds
I believe fed will cut rates,bull call spread,options
I believe tech stocks will rally,bull call spread,options
Energy will outperform,long futures,futures
Expecting market will stay flat,iron condor,futures
Expecting fed will cut rates,long crypto,options
Expecting ai stocks undervalued,long crypto,forex
Crypto adoption accelerating,bull call spread,options
High volatility expected,iron condor,bonds
Expecting high volatility expected,iron condor,futures
I believe market will stay flat,iron condor,crypto
Expecting market will stay flat,iron condor,stocks
Expecting dollar will weaken,long crypto,options
Market will stay flat,iron condor,options
I believe ai stocks undervalued,bull call spread,stocks
Expecting recession fears growing,bear put spread,futures
Expecting market will stay flat,butterfly spread,options
I believe market crash incoming,bear put spread,stocks
Expecting ai stocks undervalued,bull call spread,stocks
Expecting fed will cut rates,bull call spread,bonds
Expecting tech stocks will rally,covered call,bonds
Fed will cut rates,long futures,options
Market will stay flat,iron condor,options
High volatility expected,iron condor,forex
Recession fears growing,protective put,bonds
Expecting tech stocks will rally,covered call,options
Crypto adoption accelerating,bull call spread,bonds
Dollar will weaken,long crypto,crypto
Expecting ai stocks undervalued,long crypto,options
I believe recession fears growing,protective put,forex
Crypto adoption accelerating,bull call spread,bonds
I believe fed will cut rates,bull call spread,options
Expecting recession fears growing,bear put spread,stocks
Expecting market crash incoming,bear put spread,futures
Recession fears growing,bear put spread,crypto
Expecting market crash incoming,bear put spread,stocks
Market will stay flat,butterfly spread,options
I believe ai stocks undervalued,bull call spread,stocks
Expecting energy will outperform,bull call spread,stocks
High volatility expected,straddle,bonds
I believe market will stay flat,iron condor,stocks
I believe dollar will weaken,long crypto,futures
Market will stay flat,iron condor,bonds
I believe high volatility expected,iron condor,forex
Tech stocks will rally,long crypto,crypto
I believe recession fears growing,bear put spread,forex
Expecting market crash incoming,collar,stocks
I believe high volatility expected,iron condor,crypto
I believe ai stocks undervalued,long crypto,bonds
Expecting tech stocks will rally,covered call,futures
Expecting high volatility expected,straddle,bonds
Dollar will weaken,long crypto,bonds
Expecting tech stocks will rally,bull call spread,bonds
Fed will cut rates,long crypto,stocks
Expecting energy will outperform,long futures,stocks
AI stocks undervalued,long crypto,bonds
Expecting crypto adoption accelerating,bull call spread,forex
Market crash incoming,protective put,bonds
Market will stay flat,iron condor,bonds
Recession fears growing,bear put spread,stocks
Expecting market will stay flat,iron condor,forex
Expecting ai stocks undervalued,long crypto,options
Energy will outperform,bull call spread,crypto
I believe market will stay flat,butterfly spread,options
I believe fed will cut rates,long futures,forex
Tech stocks will rally,covered call,stocks
Expecting ai stocks undervalued,long crypto,stocks
Expecting crypto adoption accelerating,long crypto,options
I believe high volatility expected,iron condor,crypto
Market crash incoming,protective put,options
Fed will cut rates,bull call spread,options
I believe energy will outperform,bull call spread,futures
Expecting market will stay flat,butterfly spread,forex
Expecting high volatility expected,iron condor,stocks
Tech stocks will rally,bull call spread,options
I believe market crash incoming,collar,stocks
Market will stay flat,butterfly spread,crypto
Expecting market will stay flat,butterfly spread,bonds
Fed will cut rates,long crypto,futures
I believe market crash incoming,bear put spread,forex
Expecting fed will cut rates,bull call spread,bonds
I believe energy will outperform,long futures,forex
I believe high volatility expected,iron condor,forex
Expecting tech stocks will rally,bull call spread,crypto
I believe recession fears growing,protective put,crypto
AI stocks undervalued,bull call spread,forex
AI stocks undervalued,bull call spread,bonds
Expecting energy will outperform,bull call spread,options
Expecting market crash incoming,protective put,stocks
Energy will outperform,bull call spread,bonds
Expecting high volatility expected,iron condor,crypto
Market will stay flat,butterfly spread,forex
I believe crypto adoption accelerating,long crypto,options
Expecting ai stocks undervalued,long crypto,bonds
AI stocks undervalued,bull call spread,options
Recession fears growing,protective put,bonds
I believe high volatility expected,straddle,futures
Crypto adoption accelerating,long crypto,crypto
I believe ai stocks undervalued,bull call spread,crypto
High volatility expected,straddle,stocks
Dollar will weaken,long forex eur/usd,bonds
Fed will cut rates,bull call spread,forex
Expecting energy will outperform,long futures,forex
Expecting recession fears growing,protective put,futures
Expecting market crash incoming,collar,crypto
Expecting market will stay flat,butterfly spread,options
Fed will cut rates,long crypto,crypto
I believe fed will cut rates,long futures,forex
I believe dollar will weaken,long crypto,bonds
Expecting ai stocks undervalued,bull call spread,options
I believe fed will cut rates,bull call spread,bonds
Market will stay flat,iron condor,stocks
I believe dollar will weaken,long crypto,bonds
Expecting ai stocks undervalued,bull call spread,stocks
I believe fed will cut rates,long futures,stocks
Expecting market will stay flat,iron condor,options
I believe dollar will weaken,long crypto,bonds
Expecting market will stay flat,iron condor,options
Expecting recession fears growing,bear put spread,options
Expecting dollar will weaken,long crypto,crypto
I believe energy will outperform,bull call spread,crypto
I believe market crash incoming,bear put spread,stocks
I believe tech stocks will rally,bull call spread,futures
I believe crypto adoption accelerating,long crypto,stocks
Expecting dollar will weaken,long forex eur/usd,forex
I believe tech stocks will rally,bull call spread,futures
Expecting recession fears growing,protective put,crypto
Market crash incoming,bear put spread,futures
I believe ai stocks undervalued,long crypto,forex
Market crash incoming,collar,futures
Recession fears growing,bear put spread,options
I believe fed will cut rates,bull call spread,crypto
Expecting high volatility expected,straddle,bonds
Tech stocks will rally,bull call spread,forex
Expecting energy will outperform,long futures,stocks
I believe high volatility expected,iron condor,options
Expecting fed will cut rates,long futures,futures
Energy will outperform,long futures,futures
I believe market crash incoming,protective put,options
Expecting recession fears growing,protective put,forex
Expecting ai stocks undervalued,bull call spread,options
2025-08-07 20:04:53,test,AI stocks will dominate 2025,Call Option,UNKNOWN,0.0,pending,unknown,,Strategy generated - awaiting execution/feedback
2025-08-07 21:44:18,chat_user,tsla will beat next earnings,Call Option,TSLA,0.0,pending,unknown,,Strategy generated - awaiting execution/feedback
2025-08-07 21:46:19,chat_user,the demand of sugar will rise,Call Option,UNKNOWN,0.0,pending,unknown,,Strategy generated - awaiting execution/feedback
2025-08-07 22:22:28,chat_user,oil prices in europe will surge,Call Option,XLE,0.0,pending,unknown,,Strategy generated - awaiting execution/feedback
2025-08-07 22:30:22,chat_user,build me a bond ladder,Bond Ladder,UNKNOWN,0.0,pending,unknown,,Strategy generated - awaiting execution/feedback
2025-08-07 22:48:02,chat_user,i want a butterfly option on tsla,Butterfly Option,TSLA,0.0,pending,unknown,,Strategy generated - awaiting execution/feedback
2025-08-07 22:48:36,chat_user,i want an iorn condor on tesla,Iron Condor,TSLA,0.0,pending,unknown,,Strategy generated - awaiting execution/feedback
2025-08-07 23:09:55,chat_user,tsla will beat earnings,Call Option,TSLA,0.0,pending,unknown,,Strategy generated - awaiting execution/feedback
2025-08-07 23:37:46,test_user,Tesla will go up,Call Option,TSLA,0.0,pending,unknown,,Strategy generated - awaiting execution/feedback
2025-08-07 23:52:23,chat_user,Tesla's going up,Call Option,TSLA,0.0,pending,unknown,,Strategy generated - awaiting execution/feedback
2025-08-07 23:56:47,chat_user,Tesla will beat earnings ,Call Option,TSLA,0.0,pending,unknown,,Strategy generated - awaiting execution/feedback
2025-08-08 00:11:46,chat_user,Double my money on corn ,Call Option,UNKNOWN,0.0,pending,unknown,,Strategy generated - awaiting execution/feedback
2025-08-08 00:19:56,chat_user,Corn demand will go up,Call Option,UNKNOWN,0.0,pending,unknown,,Strategy generated - awaiting execution/feedback
2025-08-08 13:50:40,chat_user,Corn will explode,Call Option,CORN,0.0,pending,unknown,,Strategy generated - awaiting execution/feedback
2025-08-08 17:55:50,chat_user,Corn will explode,Call Option,CORN,0.0,pending,unknown,,Strategy generated - awaiting execution/feedback
2025-08-08 18:05:01,chat_user,Need a bond ladder for steady growrh,Bond Ladder,TLT,0.0,pending,unknown,,Strategy generated - awaiting execution/feedback
2025-08-08 19:19:20,chat_user,Corn will explode,Call Option,CORN,0.0,pending,unknown,,Strategy generated - awaiting execution/feedback
2025-08-08 20:24:54,chat_user,Corn will explode,Call Option,CORN,0.0,pending,unknown,,Strategy generated - awaiting execution/feedback
2025-08-08 20:25:45,chat_user,Oil demand will go up in the next months ,Call Option,USO,0.0,pending,unknown,,Strategy generated - awaiting execution/feedback
2025-08-08 23:54:26,chat_user,Tesla goes up,Call Option,TSLA,0.0,pending,unknown,,Strategy generated - awaiting execution/feedback
2025-08-08 23:55:31,chat_user,Coffee beans are in demand,Call Option,SPY,0.0,pending,unknown,,Strategy generated - awaiting execution/feedback
2025-08-08 23:57:30,chat_user,Give me a straddle on Tesla ,Straddle,TSLA,0.0,pending,unknown,,Strategy generated - awaiting execution/feedback
2025-08-09 00:27:29,chat_user,Idk which way oil prices are going,Straddle,USO,0.0,pending,unknown,,Strategy generated - awaiting execution/feedback
2025-08-09 01:27:42,chat_user,Conflict will cause oil demand,Call Option,USO,0.0,pending,unknown,,Strategy generated - awaiting execution/feedback
2025-08-09 16:46:55,chat_user,tsla is going up ,Call Option,SPY,0.0,pending,unknown,,Strategy generated - awaiting execution/feedback
2025-08-09 16:47:43,chat_user,i think online retail will start hitting highs,Call Option,SPY,0.0,pending,unknown,,Strategy generated - awaiting execution/feedback
2025-08-09 16:48:34,chat_user,i think retail sales for clothes are going to fall in the next 2 months,Put Option,SPY,0.0,pending,unknown,,Strategy generated - awaiting execution/feedback
2025-08-09 17:17:02,chat_user,tsla is going up,Call Option,SPY,0.0,pending,unknown,,Strategy generated - awaiting execution/feedback
2025-08-09 17:33:55,chat_user,I think housing will stay flat untill summer of next year,Real Estate ETF,SPY,0.0,pending,unknown,,Strategy generated - awaiting execution/feedback
2025-08-09 17:35:07,chat_user,I think housing will stay flat untill summer of next year,Real Estate Investment Trust,SPY,0.0,pending,unknown,,Strategy generated - awaiting execution/feedback
2025-08-10 14:22:32,chat_user,Tsla will beat earnings,Call Option,SPY,0.0,pending,unknown,,Strategy generated - awaiting execution/feedback
2025-08-10 14:23:22,chat_user,Tsla will beat earnings,Call Option,SPY,0.0,pending,unknown,,Strategy generated - awaiting execution/feedback
2025-08-10 15:23:09,chat_user,i. think gold will surge in the next 3 months,Call Option,GLD,0.0,pending,unknown,,Strategy generated - awaiting execution/feedback
2025-08-10 15:24:02,chat_user,potatos demand is going up ,Call Option,SPY,0.0,pending,unknown,,Strategy generated - awaiting execution/feedback
2025-08-10 15:28:21,chat_user,Iâ€™m not sure the directions of oil prices,Straddle,USO,0.0,pending,unknown,,Strategy generated - awaiting execution/feedback
2025-08-10 15:39:34,chat_user,Tsla is going to crash,Put Option,SPY,0.0,pending,unknown,,Strategy generated - awaiting execution/feedback
2025-08-10 16:09:38,chat_user,tsla will beat earnings,Call Option,SPY,0.0,pending,unknown,,Strategy generated - awaiting execution/feedback
2025-08-10 16:22:18,chat_user,Tsla is crashing soon,Put Option,SPY,0.0,pending,unknown,,Strategy generated - awaiting execution/feedback
2025-08-10 17:12:39,chat_user,Online retail is surging end of 2025,Call Option,SPY,0.0,pending,unknown,,Strategy generated - awaiting execution/feedback
2025-08-10 17:26:20,chat_user,i think oil prices. will rise by end of 2025,Call Option,USO,0.0,pending,unknown,,Strategy generated - awaiting execution/feedback
2025-08-10 17:27:10,chat_user,tsla will beat earnings next earnings call ,Call Option,SPY,0.0,pending,unknown,,Strategy generated - awaiting execution/feedback
2025-08-10 17:30:34,chat_user,i want a moderate growth bond ladder ,Bond Ladder,TLT,0.0,pending,unknown,,Strategy generated - awaiting execution/feedback
2025-08-10 17:36:33,chat_user,potatoes in euroupe price will rise i want to capture a profit,Call Option,SPY,0.0,pending,unknown,,Strategy generated - awaiting execution/feedback
2025-08-10 19:49:40,chat_user,soda in america has skyrocketed,Call Option,SPY,0.0,pending,unknown,,Strategy generated - awaiting execution/feedback
2025-08-11 02:20:39,chat_user,i want a 10% return on bonds annualy ,Bond Investment,TLT,0.0,pending,unknown,,Strategy generated - awaiting execution/feedback
2025-08-11 02:21:10,chat_user,tsla will go up ,Call Option,SPY,0.0,pending,unknown,,Strategy generated - awaiting execution/feedback
2025-08-11 03:31:19,chat_user,tsla will beat earnings,Call Option,TSLA,0.0,pending,unknown,,Strategy generated - awaiting execution/feedback
2025-08-11 22:52:41,test,NVDA will moon,Call Option,NVDA,0.0,pending,unknown,,Strategy generated - awaiting execution/feedback
2025-08-11 23:51:36,loop_test_user,I think AAPL will rally 15% over the next 3 months,Call Option,THINK,0.0,pending,unknown,,Strategy generated - awaiting execution/feedback
2025-08-12 01:03:57,loop_test_user,I think AAPL will rally 15% over the next 3 months,Call Option,THINK,0.0,pending,unknown,,Strategy generated - awaiting execution/feedback
2025-08-12 01:11:04,loop_test_user,I think AAPL will rally 15% over the next 3 months,Call Option,THINK,0.0,pending,unknown,,Strategy generated - awaiting execution/feedback
2025-08-12 01:27:54,stress_test,Tesla will crash 20%,Put Option,TESLA,0.0,pending,unknown,,Strategy generated - awaiting execution/feedback
2025-08-12 01:28:17,stress_test,Bitcoin will moon,Call Option,WILL,0.0,pending,unknown,,Strategy generated - awaiting execution/feedback
2025-08-12 01:35:54,final_test,Production ready test,Call Option,READY,0.0,pending,unknown,,Strategy generated - awaiting execution/feedback
2025-08-12 01:36:45,final_test,Production ready test,Call Option,READY,0.0,pending,unknown,,Strategy generated - awaiting execution/feedback
