"Trump threatens extra 10% tariff on countries that align with 'Anti-American' BRICS policies. Trump confirmed that the U.S. will start delivering letters on Monday, detailing tariff rates and any agreements reached with various trading partners",Iron Condor,options
"Trump says Musk has gone 'off the rails' after Tesla CEO announces new political party. Elon Musk said in a post on X Saturday that he had set up the ""American Party"" to compete against the Republican and Democratic parties.",Long Call,options
"AI chip startup Groq expands with first European data center. Groq, which is backed by investment arms of Samsung and Cisco, said the data center will be in Helsinki, Finland.",long call,options
"Rep. Mark Green resigns from Congress, leaving Speaker Johnson with an even narrower Republican majority in the House. Rep. Mark Green said he was returning to the private sector to start his own business, without sharing details about the business.",Short Iron Condor,options
"Retirees are flocking to these 10 U.S. states—No. 1 offers low taxes and sunny weather. In 2023, Florida was the most popular destination for U.S. residents aged 60 and over.",Buy Equity,options
Oil prices fall as OPEC+ ramps up production; U.S. stock futures decline as tariffs to go into effect Aug. 1. U.S. stock-market futures declined as the Trump administration said a broad swath of tariffs against U.S. trade partners won’t take effect until Aug. ,Long Put,options
‘Finance makes me break out in hives’: I inherited $240K from my parents. Do I pay off my $258K mortgage and give up my job?. “I inherited $240K. Do I pay off my $258K mortgage and downsize my house and job?”,Long Put,options
"‘I’m single’: At 70, I have $500,000 in stocks and $220,000 in savings. How do I invest my $130,000 windfall?. “I’m receiving enough Social Security to live on.”",Long Put,options
"My wife and I have $7,000 a month in pensions and Social Security, plus $140,000 cash. Can we afford to retire?. “My wife of 20 years is a Japanese national and lives in the U.S. as a permanent resident.”",Iron Condor,options
"‘He doesn’t seem to care’: My secretive father, 81, added my name to a bank account. What about my mom?. “Neither my mom nor I know anything about their finances.”",Iron Condor,options
Billionaire Bill Ackman Has 51% of His Hedge Fund's $14.4 Billion Portfolio Invested in Just 3 Exceptional Stocks. Ackman's best ideas still look attractive at today's prices.,Iron Condor,options
"Prediction: Nvidia Will Soar in the Second Half. <p><strong>Nvidia</strong> <span class=""ticker"">(NASDAQ: NVDA)</span> was a surefire winner for investors over the past two calendar years. The artifi",long call,options
"1 Warren Buffett Stock to Buy Hand Over Fist in July. <p>Warren Buffett has built an incredible track record running <strong>Berkshire Hathaway</strong> <span class=""ticker"">(NYSE: BRK.A)</span><span clas",Long Call,options
"Undervalued and Profitable: This Artificial Intelligence (AI) Stock Has Soared 73% in 2025, and It Could Still Jump Higher. <p>Storage solutions provider <strong>Seagate Technology</strong> <span class=""ticker"">(NASDAQ: STX)</span> has registered an outstanding rally on the",long call,options
"If You Plan to Receive Social Security in 2035, You Have to Prepare Yourself for This. <p>The year 2035 feels a long way off, especially when you're still stuck in a 9-to-5 job you don't like. If you plan to retire in a decade or so, you",Iron Condor,options
Australia stocks lower at close of trade; S&P/ASX 200 down 0.16%. ,long put,options
Australian telco Vocus receives government nod for TPG Telecom deal. ,long call,options
Nissan plans $4 billion bond sale to refinance debt - report. ,Bond ETF Ladder,bond
