timestamp_utc,title,source,summary,tickers,belief
2025-09-07T23:59:00Z,Chip demand surges,system,Semis outlook brightens,NVDA;AMD;SMH,Nvidia demand remains strong
2025-08-30T04:10:16Z,WP-MKTW-0004420707,Equal-weight S&P 500 sees longest winning streak since 2021 amid September rate-cut expectations,https://www.marketwatch.com/story/equal-weight-s-p-500-sees-longest-winning-streak-since-2021-amid-september-rate-cut-expectations-79f7ca92?mod=mw_rss_topstories,https://www.marketwatch.com/rss/topstories,The equal-weight version of the S&amp;P 500 just booked its longest streak of monthly gains since 2021.,
2025-08-30T04:10:16Z,WP-MKTW-0004420632,Why Trump’s global tariffs were rejected in court — and what comes next,https://www.marketwatch.com/story/why-trumps-global-tariffs-were-rejected-in-court-and-what-comes-next-237207e9?mod=mw_rss_topstories,https://www.marketwatch.com/rss/topstories,The White House says it anticipates an “ultimate victory” in the case over the president’s tariffs.,
2025-08-30T04:10:16Z,WP-MKTW-0004416633,‘I have almost no retirement savings’: I’m 57 and have $8K in my 401(k) and $17K in my IRA. Have I left it too late?,https://www.marketwatch.com/story/i-have-almost-no-retirement-savings-im-57-and-have-8k-in-my-401-k-and-17k-in-my-ira-have-i-left-it-too-late-36be1273?mod=mw_rss_topstories,https://www.marketwatch.com/rss/topstories,“I plan to work until I’m 70.”,
2025-08-30T04:10:16Z,WP-MKTW-0004415285,‘My blood pressure is sky high’: I’m in my 70s and a widow. I pay $12K a year for long-term-care insurance. Do I cut the cord?,https://www.marketwatch.com/story/my-blood-pressure-is-sky-high-im-in-my-70s-and-a-widow-i-pay-12k-a-year-for-long-term-care-insurance-do-i-cut-the-cord-299569bf?mod=mw_rss_topstories,https://www.marketwatch.com/rss/topstories,“What if I become cognitively impaired and need benefits for 15-20 years?”,
2025-08-30T04:10:16Z,WP-MKTW-0004418214,"‘I’m asking for a friend’: Will the IRS write off $60,000 lost in a romance phishing scam?",https://www.marketwatch.com/story/im-asking-for-a-friend-will-the-irs-write-off-60-000-lost-in-a-romance-phishing-scam-7d3a3abd?mod=mw_rss_topstories,https://www.marketwatch.com/rss/topstories,“The bank did try to stop them from executing the transfers.”,
2025-08-30T04:10:16Z,WP-MKTW-0004419442,My husband and I are giving my sister $30K each year. Will we owe the IRS gift tax?,https://www.marketwatch.com/story/my-husband-and-i-are-giving-my-sister-30k-each-year-will-we-owe-the-irs-gift-tax-551f701a?mod=mw_rss_topstories,https://www.marketwatch.com/rss/topstories,“We do not see eye to eye on using paper checks.”,
2025-08-30T04:10:16Z,WP-MKTW-0004420400,"Spirit Airlines files for bankruptcy again, has this to say about its Labor Day flights",https://www.marketwatch.com/story/spirit-airlines-files-for-bankruptcy-but-has-this-to-say-about-its-labor-day-flights-e5d5e168?mod=mw_rss_topstories,https://www.marketwatch.com/rss/topstories,The move comes after the budget airline emerged from bankruptcy in March.,
2025-08-30T04:10:16Z,WP-MKTW-0004410762,Customers are rushing to coffee shops like Starbucks and Dunkin’ thanks to the pumpkin-spice latte ‘halo effect’,https://www.marketwatch.com/story/customers-are-rushing-to-coffee-shops-like-starbucks-dunkin-thanks-to-the-pumpkin-spice-latte-halo-effect-1867e34b?mod=mw_rss_topstories,https://www.marketwatch.com/rss/topstories,"Starbucks sees foot traffic spike 24% thanks to PSLs, and even McDonald’s has a fall menu now. “It’s great just to get people in the door,” analysts say.",
2025-08-30T04:10:16Z,WP-MKTW-0004419848,Why I don’t want to add private equity to my 401(k),https://www.marketwatch.com/story/why-you-should-think-twice-before-buying-private-equity-in-your-401-k-bcd06060?mod=mw_rss_topstories,https://www.marketwatch.com/rss/topstories,It’s a great deal for private-equity firms and a losing prospect for you.,
2025-08-30T04:10:16Z,WP-MKTW-0004419774,Travelers may pay the cheapest Labor Day gas prices in 5 years. Here’s the reason why.,https://www.marketwatch.com/story/travelers-may-pay-the-cheapest-labor-day-gas-prices-in-5-years-heres-the-reason-why-951738b5?mod=mw_rss_topstories,https://www.marketwatch.com/rss/topstories,Gas prices are heading for their lowest Labor Day levels since 2020 as oil prices slump.,
2025-08-30T04:10:16Z,WP-WSJ-0002354015,Stocks Sink in Broad AI Rout Sparked by China's DeepSeek,https://www.wsj.com/articles/nikkei-may-rise-as-weak-yen-raises-earnings-hopes-776a8056?mod=rss_markets_main,https://feeds.a.dj.com/rss/RSSMarketsMain.xml,"U.S. stocks were mostly lower, with the Nasdaq leading declines as makers of AI infrastructure suffered steep falls, many in the double digits. Nvidia was down 16%.",
2025-08-30T04:10:16Z,WP-WSJ-0002354018,"Comex Gold, Silver Settle Lower",https://www.wsj.com/articles/gold-edges-lower-feds-rate-decision-in-focus-09dbfceb?mod=rss_markets_main,https://feeds.a.dj.com/rss/RSSMarketsMain.xml,"Gold settled 1.4% lower, down two of the past three sessions, and silver fell 2.5%, down three of the past four sessions.",
2025-08-30T04:10:16Z,WP-WSJ-0002355367,DeepSeek Won't Sink U.S. AI Titans,https://www.wsj.com/articles/deepseek-us-ai-stocks-nvidia-broadcom-6cdfae81?mod=rss_markets_main,https://feeds.a.dj.com/rss/RSSMarketsMain.xml,"Panic fueling the selloff of Nvidia, Broadcom and other tech giants is overblown.",
2025-08-30T04:10:16Z,WP-WSJ-0002355424,Financial Services Roundup: Market Talk,https://www.wsj.com/articles/financial-services-roundup-market-talk-94f52cba?mod=rss_markets_main,https://feeds.a.dj.com/rss/RSSMarketsMain.xml,"Gain insight on Experian, SoFi Technologies and more in the latest Market Talks covering Financial Services.",
2025-08-30T04:10:16Z,WP-WSJ-0002354874,"Arabica Coffee Prices Hit Record on U.S., Colombia Tariff Spat",https://www.wsj.com/articles/arabica-coffee-prices-hit-new-high-on-u-s-colombia-tariff-spat-582446fe?mod=rss_markets_main,https://feeds.a.dj.com/rss/RSSMarketsMain.xml,"Arabica coffee prices hit a record level, as traders digested the withdrawal of President Trump’s threats to impose tariffs and economic sanctions on Colombia.",
2025-08-30T04:10:16Z,WP-WSJ-0002354017,"Swiss franc, Japanese yen Rise as DeepSeek News Boosts Safe Havens",https://www.wsj.com/articles/safe-haven-currencies-strengthen-amid-fears-over-global-tariffs-9964e17a?mod=rss_markets_main,https://feeds.a.dj.com/rss/RSSMarketsMain.xml,The Yen and Swiss Franc were stronger against the dollar as investors sought safe havens after Chinese start-up DeepSeek’s new AI model hit U.S. tech stocks.,
2025-08-30T04:10:16Z,WP-WSJ-0002355062,Natural Gas Falls on Shifting Weather Forecasts,https://www.wsj.com/articles/u-s-natural-gas-futures-fall-on-shifting-weather-forecasts-1ef3e457?mod=rss_markets_main,https://feeds.a.dj.com/rss/RSSMarketsMain.xml,U.S. natural gas futures fell after weekend updates took some of the chill out of early February weather forecasts.,
2025-08-30T04:10:16Z,WP-WSJ-0002353768,Building-Products Distributor QXO Launches Hostile Bid for Beacon,https://www.wsj.com/articles/building-products-distributor-qxo-launching-hostile-bid-for-beacon-de024410?mod=rss_markets_main,https://feeds.a.dj.com/rss/RSSMarketsMain.xml,QXO is taking its offer directly to shareholders after being rebuffed on several occasions.,
2025-08-30T04:10:16Z,WP-WSJ-0002353480,Natural-Gas Firm Diversified Energy Strikes Deal for Permian Basin Player,https://www.wsj.com/articles/natural-gas-firm-diversified-energy-nears-deal-for-permian-basin-player-4c1c5ff5?mod=rss_markets_main,https://feeds.a.dj.com/rss/RSSMarketsMain.xml,Maverick Natural Resources has operations in Texas and Oklahoma.,
2025-08-30T04:10:16Z,WP-WSJ-0002351293,What's New This Tax Season That Can Save You Money,https://www.wsj.com/articles/tax-season-2024-irs-filing-dates-explained-628a8b37?mod=rss_markets_main,https://feeds.a.dj.com/rss/RSSMarketsMain.xml,"There are some new wrinkles, especially for those who sell things online or bought an EV.",
2025-08-30T04:10:16Z,WP-WSJ-0002350292,Chinese Investors With Few Options Turn to Dividends,https://www.wsj.com/articles/chinese-investors-with-few-options-turn-to-dividends-ad31dcc4?mod=rss_markets_main,https://feeds.a.dj.com/rss/RSSMarketsMain.xml,Companies with good payouts are now the hottest bet in China markets.,
2025-08-30T04:10:16Z,WP-WSJ-0002354019,U.S. Treasury Yields Fall But Direction for Long-End Yields Still Seen Upward,https://www.wsj.com/articles/jgbs-consolidate-supported-by-u-s-treasurys-gains-7edccc7d?mod=rss_markets_main,https://feeds.a.dj.com/rss/RSSMarketsMain.xml,The 10-year U.S. Treasury yield fell and ING said the the long end of the Treasury curve will continue trading at higher yields even as Trump hasn’t delivered anything to shock markets so far.,
2025-08-30T04:10:16Z,WP-WSJ-0002354021,"Russia's Crude Exports Fairly Stable Despite U.S. Sanctions, Goldman Says",https://www.wsj.com/articles/oil-futures-fall-after-trump-calls-for-tariffs-on-colombia-5b2a178c?mod=rss_markets_main,https://feeds.a.dj.com/rss/RSSMarketsMain.xml,Oil edged lower in early trade as Goldman Sachs said the latest round of U.S. sanctions against Russia haven’t had a significant impact on the country’s oil exports.,
2025-08-30T04:10:16Z,WP-WSJ-0002327050,The Extra Reward for Owning Stocks Over Bonds Has Disappeared,https://www.wsj.com/articles/the-extra-reward-for-owning-stocks-over-bonds-has-disappeared-c3f9c223?mod=rss_markets_main,https://feeds.a.dj.com/rss/RSSMarketsMain.xml,"There is little sign of crimped demand for equities among individual investors, who remain bullish after two years of blockbuster gains.",
2025-08-30T04:10:16Z,WP-WSJ-0002000974,Heard on the Street's Stock-Picking Series,https://www.wsj.com/articles/heard-on-the-streets-stock-picking-series-98f04640?mod=rss_markets_main,https://feeds.a.dj.com/rss/RSSMarketsMain.xml,Check out the stocks Heard on the Street writers favor in their eighth annual stock-picking contest.,
2025-08-30T04:10:16Z,WP-WSJ-0002350583,What Will It Take for Home Buyers to Start Asking for a Disaster Discount?,https://www.wsj.com/articles/what-will-it-take-for-home-buyers-to-start-asking-for-a-disaster-discount-c662cb96?mod=rss_markets_main,https://feeds.a.dj.com/rss/RSSMarketsMain.xml,The real costs of owning a house in neighborhoods that are vulnerable to flooding and wildfires are becoming clearer.,
2025-08-30T04:10:16Z,WP-WSJ-0002352807,Now Wanted in Silicon Valley: Ho-Hum Businesses With Thin Profit Margins,https://www.wsj.com/articles/now-wanted-in-silicon-valley-ho-hum-businesses-with-thin-profit-margins-ab07de5f?mod=rss_markets_main,https://feeds.a.dj.com/rss/RSSMarketsMain.xml,"Venture-capital firms are bringing AI and dealmaking to accounting, property management and other unglamorous fields.",
2025-08-30T04:10:16Z,WP-WSJ-0002351018,"In China, a Cat-and-Mouse Game to Rein In Crypto",https://www.wsj.com/articles/china-cryptocurrency-market-trading-restrictions-3e050cd9?mod=rss_markets_main,https://feeds.a.dj.com/rss/RSSMarketsMain.xml,"Recent court cases reveal how middlemen are facilitating a booming trade, eluding a crackdown.",
2025-08-30T04:10:16Z,WP-WSJ-0002305634,"One House, Three Owners: The Ballooning Cost of the American Dream",https://www.wsj.com/articles/rising-house-mortgage-costs-north-carolina-home-468a46e5?mod=rss_markets_main,https://feeds.a.dj.com/rss/RSSMarketsMain.xml,The story of home affordability in the U.S. told from a single front porch.,
2025-08-30T04:10:16Z,WP-WSJ-0002351471,Trump Adds Fuel to Claims That Big Banks Discriminate Against Conservatives,https://www.wsj.com/articles/trump-big-bank-conservative-bias-accusations-168abb27?mod=rss_markets_main,https://feeds.a.dj.com/rss/RSSMarketsMain.xml,The president has told Bank of America and JPMorgan Chase to stop cutting conservatives off from doing business.,
2025-08-30T04:10:16Z,https://www.investing.com/news/commodities-news/elliott-affiliates-589-billion-bid-recommended-as-winner-of-citgo-auction-4217471,Elliott affiliate’s $5.89 billion bid recommended as winner of Citgo auction,https://www.investing.com/news/commodities-news/elliott-affiliates-589-billion-bid-recommended-as-winner-of-citgo-auction-4217471,https://www.investing.com/rss/news.rss,,
2025-08-30T04:10:16Z,https://www.investing.com/news/economy-news/chinas-trade-envoy-meets-us-officials-to-discuss-economic-ties-4217470,China’s trade envoy meets US officials to discuss economic ties,https://www.investing.com/news/economy-news/chinas-trade-envoy-meets-us-officials-to-discuss-economic-ties-4217470,https://www.investing.com/rss/news.rss,,
2025-08-30T04:10:16Z,https://www.investing.com/news/stock-market-news/all-skywest-flights-grounded-at-airlines-request-us-faa-says-4217469,"All SkyWest flights briefly grounded for technical issue, US airline says",https://www.investing.com/news/stock-market-news/all-skywest-flights-grounded-at-airlines-request-us-faa-says-4217469,https://www.investing.com/rss/news.rss,,
2025-08-30T04:10:16Z,https://www.investing.com/news/filings/form-13g-defiance-etfs-for-29-august-93CH-4217468,Form 13G Defiance ETFs For: 29 August,https://www.investing.com/news/filings/form-13g-defiance-etfs-for-29-august-93CH-4217468,https://www.investing.com/rss/news.rss,,
2025-08-30T04:10:16Z,https://www.investing.com/news/world-news/bondi-fires-justice-department-employee-for-gesturing-at-national-guard-4217466,Bondi fires Justice Department employee for gesturing at National Guard,https://www.investing.com/news/world-news/bondi-fires-justice-department-employee-for-gesturing-at-national-guard-4217466,https://www.investing.com/rss/news.rss,,
2025-08-30T04:10:16Z,https://www.investing.com/news/filings/form-144-banc-of-california-for-29-august-93CH-4217465,Form 144 BANC OF CALIFORNIA For: 29 August,https://www.investing.com/news/filings/form-144-banc-of-california-for-29-august-93CH-4217465,https://www.investing.com/rss/news.rss,,
2025-08-30T04:10:16Z,https://www.investing.com/news/stock-market-news/us-will-proceed-with-probe-of-solar-imports-from-india-laos-and-indonesia-4217341,"US will proceed with probe of solar imports from India, Laos and Indonesia",https://www.investing.com/news/stock-market-news/us-will-proceed-with-probe-of-solar-imports-from-india-laos-and-indonesia-4217341,https://www.investing.com/rss/news.rss,,
2025-08-30T04:10:16Z,https://www.investing.com/news/stock-market-news/metas-ai-leaders-discuss-using-google-openai-models-in-apps-the-information-says-4217463,"Meta’s AI leaders discuss using Google, OpenAI models in apps, The Information says",https://www.investing.com/news/stock-market-news/metas-ai-leaders-discuss-using-google-openai-models-in-apps-the-information-says-4217463,https://www.investing.com/rss/news.rss,,
2025-08-30T04:10:16Z,https://www.investing.com/news/stock-market-news/us-to-make-it-harder-for-intel-sk-hynix-and-samsung-to-make-chips-in-china-4216735,"US makes it harder for SK Hynix, Samsung to make chips in China",https://www.investing.com/news/stock-market-news/us-to-make-it-harder-for-intel-sk-hynix-and-samsung-to-make-chips-in-china-4216735,https://www.investing.com/rss/news.rss,,
2025-08-30T04:10:16Z,https://www.investing.com/news/economy-news/trumps-firing-of-fed-governor-cook-could-be-blocked-by-us-judge-4216156,Hearing ends without ruling on Trump’s firing of Fed Governor Cook,https://www.investing.com/news/economy-news/trumps-firing-of-fed-governor-cook-could-be-blocked-by-us-judge-4216156,https://www.investing.com/rss/news.rss,,
2025-08-30T04:11:43Z,47428684,Here's How Much $100 Invested In Salesforce 20 Years Ago Would Be Worth Today,https://www.benzinga.com/insights/news/25/08/47428684/heres-how-much-100-invested-in-salesforce-20-years-ago-would-be-worth-today,alpaca,,CRM
2025-08-30T04:11:43Z,47426917,Want To Turbocharge AI And Crypto Bets? Themes Has New ETFs For That,https://www.benzinga.com/etfs/new-etfs/25/08/47426917/ai-crypto-etf-themes-bbai-glxy,alpaca,"Themes launches leveraged ETFs on BigBear.ai &amp; Galaxy Digital, giving traders 2X daily exposure to AI and crypto&#39;s sharp market swings.",ASML;BA;BAIG;BBAI;GLGG;GLXY;NVDA;PLTR;TSLA
2025-08-30T04:11:43Z,47426878,Tesla's Struggles In China Come At Bad Time: Electric Vehicles Hit 51% Market Share In Most Populous Country,https://www.benzinga.com/markets/asia/25/08/47426878/teslas-struggles-in-china-come-at-bad-time-electric-vehicles-hit-51-market-share-in-most-populous-country,alpaca,"China has hit 50% market share for EVs in 2025, marking a historic milestone. This is good news for the companies showing growth in the region, which isn&#39;t Tesla.",TSLA
2025-08-30T04:11:43Z,47425681,"Wall Street Is At All-Time Highs, But Inflation Sends Warnings: This Week In Markets",https://www.benzinga.com/markets/market-summary/25/08/47425681/wall-street-record-highs-nvidia-mongodb-snowflake-inflation-interest-rates,alpaca,U.S. stocks slipped after midweek highs as hot inflation and a widening trade deficit complicated the Federal Reserve&#39;s outlook.,F;GM;MDB;NVDA;SNOW;STLA
2025-08-30T04:11:43Z,47423837,What's Going On With Nvidia Stock?,https://www.benzinga.com/trading-ideas/movers/25/08/47423837/whats-going-on-with-nvidia-stock-6,alpaca,Nvidia shares are trading lower Friday. Investor focus shifted from another quarter of blockbuster earnings to softer forward guidance.,BABA;NVDA
2025-08-30T04:11:43Z,47423791,Elon Musk Makes Time 100 AI List This Year After Being Excluded From 2024 Edition,https://www.benzinga.com/markets/tech/25/08/47423791/elon-musk-makes-time-100-ai-list-this-year-after-being-excluded-from-2024-edition,alpaca,Putting Scarlett Johansson on a list of the most influential names in AI over Elon Musk drew backlash for TIME last year. The magazine made sure to include Musk this year.,AMZN;ARM;MBLY;META;NET;NVDA;QCOM;RDDT;SFTBF;TSM
2025-08-30T04:11:43Z,47423154,What's Going On With Broadcom Stock Friday?,https://www.benzinga.com/trading-ideas/movers/25/08/47423154/whats-going-on-with-broadcom-stock-friday,alpaca,"Broadcom slipped 4.5% Friday, pressured by cautious guidance and analyst price cuts at rival Marvell Technology.",AMZN;AVGO;BABA;MRVL;MSFT;NVDA;TSM
2025-08-30T04:11:43Z,47422515,"'Alphabet's Google Set To Face Modest EU Antitrust Fine Over Adtech Practices; EU Decision Against Google Adtech Expected In Coming Weeks; Modest EU Fine For Google Marks Shift In New EU Antitrust Chief Ribera's Approach From Predecessor, Sources Say' - Reuters Exclusive",https://www.benzinga.com/news/25/08/47422515/alphabets-google-set-to-face-modest-eu-antitrust-fine-over-adtech-practices-eu-decision-against-goog,alpaca,,GOOG;GOOGL;VGK
2025-08-30T04:11:43Z,47420689,"Stocks Fall, Gold Rallies, Silver Hits 14-Year Highs As Inflation Rises: What's Moving Markets Friday? (CORRECTED)",https://www.benzinga.com/markets/equities/25/08/47420689/stocks-fall-gold-rallies-silver-hits-24-year-highs-as-inflation-rises-whats-moving-markets-friday,alpaca,"Editor&#39;s Note: This headline has been updated to accurately reflect silver&#39;s market milestone. Investor sentiment faded on Friday as a key inflation gauge closely watched by the Federal Reserve climbed to a five-month-high, casting fresh uncertainty over the timing of potential interest rate cuts.",ADSK;AFRM;BABA;BIDU;BTCUSD;DELL;DIA;ETHUSD;IWM;JD;MRVL;NVDA;QQQ;SOLUSD;ULTA;VOO;XLB;XLF;XLK;XLV
2025-08-30T04:11:43Z,47421874,10 Communication Services Stocks Whale Activity In Today's Session,https://www.benzinga.com/insights/options/25/08/47421874/10-communication-services-stocks-whale-activity-in-todays-session,alpaca,,ASTS;BIDU;DJT;GOOG;GOOGL;META;NFLX;RBLX;RDDT;SIRI
2025-08-30T04:11:43Z,47421872,10 Consumer Discretionary Stocks With Whale Alerts In Today's Session,https://www.benzinga.com/insights/options/25/08/47421872/10-consumer-discretionary-stocks-with-whale-alerts-in-todays-session,alpaca,,BABA;DHI;DUOL;EBAY;FL;GAP;GM;LULU;NIO;TSLA
2025-08-30T04:11:43Z,47421867,10 Information Technology Stocks Whale Activity In Today's Session,https://www.benzinga.com/insights/options/25/08/47421867/10-information-technology-stocks-whale-activity-in-todays-session,alpaca,,AAPL;AMD;CRM;FN;IREN;MARA;MSTR;NVDA;SEDG;SHOP
2025-08-30T04:11:43Z,47420630,A Look Into Apple Inc's Price Over Earnings,https://www.benzinga.com/insights/news/25/08/47420630/a-look-into-apple-incs-price-over-earnings,alpaca,,AAPL
2025-08-30T04:11:43Z,47419007,Marvell Stock Plunges As Wall Street Warns Of Limited Near-Term Growth Prospects,https://www.benzinga.com/analyst-stock-ratings/reiteration/25/08/47419007/marvell-stock-plunges-as-wall-street-warns-of-limited-near-term-growth-prospects,alpaca,"Marvell Technology&#39;s Q2 results beat expectations but Q3 guidance fell short, leading to price forecast cuts and concerns over near-term outlook.",AMZN;MRVL;MSFT
2025-08-30T04:11:43Z,47418234,China Doesn't Need Nvidia Anymore: Alibaba's New Chip Is A Challenge To Washington,https://www.benzinga.com/markets/tech/25/08/47418234/china-doesnt-need-nvidia-anymore-alibabas-new-chip-is-a-challenge-to-washington,alpaca,Alibaba challenges U.S. with new AI chip amid trade tensions. Chinese firms race to fill tech gap.,BABA;BABAF;NVDA
2025-08-30T04:11:43Z,47416563,"Nvidia Joins Investment Of Nuclear Fusion Startup Backed By Bill Gates, Google",https://www.benzinga.com/news/financing/25/08/47416563/nvidia-joins-investment-of-nuclear-fusion-startup-backed-by-bill-gates-google,alpaca,"Nuclear energy companies, both private and public, are seeing strong interest from investors and tech companies.",GOOG;GOOGL;NVDA
2025-08-30T04:11:43Z,47416089,"Comparing Apple With Industry Competitors In Technology Hardware, Storage &amp; Peripherals Industry",https://www.benzinga.com/insights/news/25/08/47416089/comparing-apple-with-industry-competitors-in-technology-hardware-storage-amp-peripherals-industry,alpaca,,AAPL
2025-08-30T04:11:43Z,47416081,Understanding Amazon.com's Position In Broadline Retail Industry Compared To Competitors,https://www.benzinga.com/insights/news/25/08/47416081/understanding-amazon-coms-position-in-broadline-retail-industry-compared-to-competitors,alpaca,,AMZN
2025-08-30T04:11:43Z,47416075,Competitor Analysis: Evaluating Meta Platforms And Competitors In Interactive Media &amp; Services Industry,https://www.benzinga.com/insights/news/25/08/47416075/competitor-analysis-evaluating-meta-platforms-and-competitors-in-interactive-media-amp-services-ind,alpaca,,META
2025-08-30T04:11:43Z,47416036,Comparative Study: Microsoft And Industry Competitors In Software Industry,https://www.benzinga.com/insights/news/25/08/47416036/comparative-study-microsoft-and-industry-competitors-in-software-industry,alpaca,,MSFT
2025-08-30T04:11:43Z,47416024,Performance Comparison: NVIDIA And Competitors In Semiconductors &amp; Semiconductor Equipment Industry,https://www.benzinga.com/insights/news/25/08/47416024/performance-comparison-nvidia-and-competitors-in-semiconductors-amp-semiconductor-equipment-industr,alpaca,,NVDA
2025-08-30T04:11:43Z,47414667,'Tesla said it didn't have key data in a fatal crash. Then a hacker found it.'- Washington Post,https://www.benzinga.com/news/25/08/47414667/tesla-said-it-didnt-have-key-data-in-a-fatal-crash-then-a-hacker-found-it-washington-post,alpaca,,TSLA
2025-08-30T04:11:43Z,47414600,"Barclays Maintains Overweight on Microsoft, Maintains $625 Price Target",https://www.benzinga.com/news/25/08/47414600/barclays-maintains-overweight-on-microsoft-maintains-625-price-target,alpaca,,MSFT
2025-08-30T04:11:43Z,47412031,What's Going On With Taiwan Semiconductor Stock Friday?,https://www.benzinga.com/markets/tech/25/08/47412031/whats-going-on-with-taiwan-semiconductor-stock-friday,alpaca,TSMC stock surged as key clients Nvidia and Marvell reported strong earnings driven by AI chip demand.,MRVL;NVDA;TSM
2025-08-30T04:11:43Z,47411764,"Top 10 Trending Stocks On WallStreetBets As Of Aug. 29, 2025 (Via Swaggy Stocks)",https://www.benzinga.com/trading-ideas/25/08/47411764/top-10-trending-stocks-on-wallstreetbets-as-of-aug-29-2025-via-swaggy-stocks,alpaca,,AAPL;BABA;BTCUSD;BULL;GOOG;GOOGL;MRVL;NVDA;PLTR;TSLA
2025-08-30T04:11:43Z,47410687,Mark Cuban Predicts ChatGPT Will Play Key Role In Future Elections: 'The Candidate That Uses It To Lie…',https://www.benzinga.com/news/politics/25/08/47410687/mark-cuban-predicts-chatgpt-will-play-key-role-in-future-elections-the-candidate-that-uses-it-to-lie,alpaca,Mark Cuban has made many predictions about AI. Here&#39;s his latest prediction on how AI could be used in the 2026 and 2028 elections.,META
2025-08-30T04:11:43Z,47409396,Uber Drivers Fear For Safety As Platform Now Allows Cash Payments: 'We Have A Target On Our Head',https://www.benzinga.com/markets/tech/25/08/47409396/uber-drivers-fear-for-safety-as-platform-now-allows-cash-payments-we-have-a-target-on-our-head,alpaca,"Uber drivers fear for safety as cash payments begin. Uber expands self-driving cabs, while CEO doubts camera-based autonomy.",GOOG;GOOGL;LCID;TSLA;UBER
2025-08-30T04:11:43Z,47409158,Alibaba Sees Historic Opportunities As CEO Points To AI And Quick Commerce Wins,https://www.benzinga.com/markets/earnings/25/08/47409158/alibaba-sees-historic-opportunities-as-ceo-points-to-ai-and-quick-commerce-wins,alpaca,"Alibaba Group Holding&#39;s Q1 revenue beats expectations, driven by growth in China e-commerce and international operations. Cloud revenue up 26%.",BABA;NVDA;TSM
2025-08-30T04:11:43Z,47407738,"Super Micro Flags Risks That Could Disrupt Results, Stock Falls",https://www.benzinga.com/markets/tech/25/08/47407738/super-micro-flags-risks-that-could-disrupt-results-stock-falls,alpaca,"Super Micro Computer (NASDAQ: SMCI) warned of financial control weaknesses in its SEC filing, causing stock drop. Recovery efforts ongoing.",AAPL;META;MSFT;NVDA;SMCI
2025-08-30T04:11:43Z,47407516,Meta Platforms Partners Reliance Industries To Form Reliance Intelligence Limited With Initial Investment Of $100M,https://www.benzinga.com/news/25/08/47407516/meta-platforms-partners-reliance-industries-to-form-reliance-intelligence-limited-with-initial-inves,alpaca,,META
2025-08-30T04:11:43Z,47407460,"The Wall Street Journal Reported Alibaba Has Developed New Chip For Artificial Intelligence; Alibaba's Chip Can Handle More AI Work, Compatible With Nvidia Tools",https://www.benzinga.com/news/25/08/47407460/the-wall-street-journal-reported-alibaba-has-developed-new-chip-for-artificial-intelligence-alibabas,alpaca,,BABA;FXI;NVDA;SPY
2025-08-30T04:11:43Z,47406886,"YouTube TV Avoids Major Blackout As Google Strikes Last-Minute Deal To Keep Fox News, Sports Channels",https://www.benzinga.com/markets/tech/25/08/47406886/youtube-tv-avoids-major-blackout-as-google-strikes-last-minute-deal-to-keep-fox-news-sports-channels,alpaca,"YouTube TV struck a last-minute deal with Fox to keep Fox News, Fox Sports, and other channels on the platform.",FOXA;GOOG;GOOGL;PARA;PARAA
2025-08-30T04:11:43Z,47406673,"Top Hedge Fund Picks From Goldman Sachs Outperform S&P 500, Powering 16% Gains In 2025",https://www.benzinga.com/markets/equities/25/08/47406673/top-hedge-fund-picks-from-goldman-sachs-outperform-sp-500-powering-16-gains-in-2025,alpaca,"Goldman Sachs&#39;s quarterly Hedge Fund VIP stock basket has surged 16% YTD, outpacing the S&amp;P 500, which has climbed just over 10% in 2025.",AAPL;AMZN;AVGO;GS;META;NVDA;SPY;TLN;UBER;VST
2025-08-30T04:11:43Z,47406539,"S&P 500 Settles Over 6,500: Investor Sentiment Improves Further, Fear Index Remains In 'Greed' Zone",https://www.benzinga.com/markets/equities/25/08/47406539/sp-500-settles-over-6500-investor-sentiment-improves-further-fear-index-remains-in-greed-zone,alpaca,"The CNN Money Fear and Greed index showed improved market sentiment, while U.S. stocks closed higher and GDP growth was revised up.",BABA;DG;DOOO;NVDA
2025-08-30T04:11:43Z,47406444,Elon Musk Files Motion To Dismiss SEC Lawsuit Over 2022 Twitter Stake Disclosure Violation,https://www.benzinga.com/markets/tech/25/08/47406444/elon-musk-files-motion-to-dismiss-sec-lawsuit-over-2022-twitter-stake-disclosure-violation,alpaca,Elon Musk filed a motion to dismiss SEC&#39;s civil lawsuit accusing him of failing to disclose his Twitter stake within the required timeframe.,TSLA
2025-08-30T04:11:43Z,47405077,"Elon Musk's Starlink Secures $119 Million Montana Funding, Beating Amazon's Project Kuiper In Satellite Internet Push",https://www.benzinga.com/news/space/25/08/47405077/elon-musks-starlink-secures-119-million-montana-funding-beating-amazons-project-kuiper-in-satellite-internet-push,alpaca,"Elon Musk&#39;s Starlink received $119 million from Montana to bring better connectivity to over 20,000 locations.",AMZN;ASTS
2025-08-30T04:11:43Z,47404794,4chan Sues UK Regulator Over Online Safety Law After Trump Administration Pressure Forces UK To Drop Apple Encryption Backdoor,https://www.benzinga.com/markets/tech/25/08/47404794/4chan-sues-uk-regulator-over-online-safety-law-after-trump-administration-pressure-forces-uk-to-drop-apple-encryption-backdoor,alpaca,"U.S.-based forums 4chan and Kiwi Farms have sued U.K. regulator Ofcom over the Online Safety Act, alleging free speech violations, as Apple secures a major win with Britain dropping its demand for an iCloud encryption backdoor following Trump administration pressure.",AAPL
2025-08-30T04:11:43Z,47404795,"Palantir's Engineer Embedding Strategy Is 'Cool,' Says Salesforce CEO, But It Is Their Price List That Made Him Go 'Whoa'",https://www.benzinga.com/markets/equities/25/08/47404795/palantirs-engineer-embedding-strategy-is-cool-says-salesforce-ceo-but-it-is-their-price-list-that-made-him-go-whoa,alpaca,Salesforce Inc. CEO Marc Benioff acknowledged that Palantir Technologies Inc. pricing strategies have prompted him to reconsider his company&#39;s own pricing model,CRM;PLTR
2025-08-30T04:11:43Z,47404525,"TransUnion Hack Exposes Data Of 4.4 Million Consumers As UnitedHealth, Microsoft Breaches Highlight Escalating Crisis",https://www.benzinga.com/markets/tech/25/08/47404525/transunion-hack-exposes-data-of-4-4-million-consumers-as-unitedhealth-microsoft-breaches-highlight-escalating-crisis,alpaca,"TransUnion confirmed a cyberattack compromising data of 4.4 million U.S. consumers, adding to major breaches at Allianz Life, UnitedHealth, and Microsoft that highlight escalating cybersecurity threats across industries.",MSFT;TRU
2025-08-30T04:11:43Z,47404360,Trump Ends De-Minimis Exemptions To All Countries: How This Will Impact Your Online Shopping,https://www.benzinga.com/markets/macro-economic-events/25/08/47404360/trump-ends-de-minimis-exemptions-to-all-countries-how-this-will-impact-your-online-shopping,alpaca,"President Donald Trump&#39;s executive order, which ends de minimis exemptions, is set to take effect on Friday. This will effectively close the duty-free shipping loophole that allowed small commercial packages worth $800 or less to enter the United States without being subject to taxes or tariffs.",AMZN;BABA;CMRC;ETSY;LSPD;PDD;SHOP
2025-08-30T04:11:43Z,47404088,Google's Gmail Faces Scrutiny As FTC Alleges Republican Emails Are Sent To Spam More Often Than Democrats' Messages,https://www.benzinga.com/markets/tech/25/08/47404088/googles-gmail-faces-scrutiny-as-ftc-alleges-republican-emails-are-sent-to-spam-more-often-than-democrats-messages,alpaca,"The FTC warned Google that allegations Gmail&#39;s spam filters disproportionately block Republican emails could lead to an investigation, though Google denies political bias.",AAPL;GOOG;GOOGL
2025-08-30T04:11:43Z,47403876,"Offerpad Solutions, Affirm Holdings, Marvell Technology, Ulta Beauty And Dell: Why These 5 Stocks Are On Investors' Radars Today",https://www.benzinga.com/markets/equities/25/08/47403876/offerpad-solutions-affirm-holdings-marvell-technology-ulta-beauty-and-dell-why-these-5-stocks-are-on-investors-radars-today,alpaca,"Major indices closed higher on Thursday, with the Dow Jones Industrial Average rising 0.2% to 45,636.90.",AFRM;DELL;MRVL;NVDA;OPAD;ULTA
2025-08-30T04:11:43Z,47402367,"If You Invested $1000 In This Stock 15 Years Ago, You Would Have This Much Today",https://www.benzinga.com/insights/news/25/08/47402367/if-you-invested-1000-in-this-stock-15-years-ago-you-would-have-this-much-today,alpaca,,AVGO
2025-08-30T04:11:43Z,47401631,"IREN Stock Rallies After Strong Q4 Earnings Beat, NVIDIA Preferred Partner Status",https://www.benzinga.com/markets/earnings/25/08/47401631/iren-stock-rallies-after-strong-q4-earnings-beat-nvidia-preferred-partner-status,alpaca,Here&#39;s a look at the Q4 earnings report from IREN.,IREN;NVDA
2025-08-30T04:11:43Z,47401520,$100 Invested In Microsoft 20 Years Ago Would Be Worth This Much Today,https://www.benzinga.com/insights/news/25/08/47401520/100-invested-in-microsoft-20-years-ago-would-be-worth-this-much-today,alpaca,,MSFT
2025-08-30T04:11:43Z,47400263,Value Roars Back: Scharf Investments Launches KAT And GKAT ETFs With $900 Million,https://www.benzinga.com/etfs/new-etfs/25/08/47400263/value-roars-back-scharf-investments-launches-kat-and-gkat-etfs-with-900-million,alpaca,"Scharf Investments debuts ETFs KAT and GKAT with $900M in assets, bringing 40+ years of value investing expertise to the active ETF boom.",BN;DUSA;FI;FNV;GKAT;KAT;MCK;MSFT;OXY
2025-08-30T04:11:43Z,47399991,"Citigroup Maintains Buy on NVIDIA, Raises Price Target to $210",https://www.benzinga.com/news/25/08/47399991/citigroup-maintains-buy-on-nvidia-raises-price-target-to-210,alpaca,,NVDA
2025-08-30T04:11:43Z,47399255,"Peter Thiel's Brutal Chess Moves Convinced A Rival To Fund His First Startup—'So Ruthless, So Merciless'",https://www.benzinga.com/news/education/25/08/47399255/peter-thiels-brutal-chess-moves-convinced-a-rival-to-fund-his-first-startup-so-ruthless-so-merciless,alpaca,Peter Thiel helped create what is known as PayPal today. A look at the unique story of an investment from a chess rival.,BLSH;BMNR;META;PLTR;PYPL
2025-08-30T04:11:43Z,47398824,"Pure Storage Cashes In On Meta Partnership, CFO Hypes 'Hyperscaler Interest'",https://www.benzinga.com/markets/earnings/25/08/47398824/pure-storage-cashes-in-on-meta-partnership-cfo-hypes-hyperscaler-interest,alpaca,Pure Storage CEO Charles Giancarlo told CNBC that focusing on hyperscalers has become central to the company&#39;s growth strategy.,META;PSTG
2025-08-30T04:11:43Z,47398634,'New general-purpose Amazon EC2 M8i and M8i Flex instances are now available' - AWS,https://www.benzinga.com/news/25/08/47398634/new-general-purpose-amazon-ec2-m8i-and-m8i-flex-instances-are-now-available-aws,alpaca,,AMZN
2025-08-30T04:13:56Z,https://www.investing.com/news/world-news/three-dead-as-indonesian-protesters-set-fire-to-regional-parliament-building-4217472,Three dead as Indonesian protesters set fire to regional parliament building,https://www.investing.com/news/world-news/three-dead-as-indonesian-protesters-set-fire-to-regional-parliament-building-4217472,https://www.investing.com/rss/news.rss,,
2025-08-30T04:29:12Z,https://www.investing.com/news/economy-news/us-judge-halts-trump-effort-to-expand-fasttrack-deportations-4217473,US judge halts Trump effort to expand fast-track deportations,https://www.investing.com/news/economy-news/us-judge-halts-trump-effort-to-expand-fasttrack-deportations-4217473,https://www.investing.com/rss/news.rss,,
2025-08-30T05:26:42Z,47429601,Meta In Talks With Google And OpenAI To Integrate AI Models As Hyperion Data Center Faces $5 Billion Cost Backlash: Report,https://www.benzinga.com/markets/tech/25/08/47429601/meta-in-talks-with-google-and-openai-to-integrate-ai-models-as-hyperion-data-center-faces-5-billion-cost-backlash-report,alpaca,"Meta is reportedly exploring partnerships with Google and OpenAI to enhance its AI products while facing backlash over the $50 billion Hyperion data center&#39;s energy costs, even as analysts remain bullish on its aggressive AI expansion.",GOOG;GOOGL;META;WMT
2025-08-30T06:03:45Z,https://www.investing.com/news/world-news/war-then-water-pakistans-border-villagers-face-backtoback-evacuations-4217474,War then water: Pakistan’s border villagers face back-to-back evacuations,https://www.investing.com/news/world-news/war-then-water-pakistans-border-villagers-face-backtoback-evacuations-4217474,https://www.investing.com/rss/news.rss,,
2025-08-30T06:29:00Z,47429824,"Alibaba's New AI Chip Sparks Nvidia Dip, But Ross Gerber Calls It 'Laughable' Posturing To Still Secure Blackwell Sales",https://www.benzinga.com/markets/tech/25/08/47429824/alibabas-new-ai-chip-sparks-nvidia-dip-but-ross-gerber-calls-it-laughable-posturing-to-still-secure-blackwell-sales,alpaca,"Alibaba&#39;s new AI chip aimed at reducing reliance on Nvidia sent the chipmaker&#39;s stock lower Friday, but investor Ross Gerber dismissed the move as &#34;laughable&#34; posturing that won&#39;t diminish demand for Nvidia&#39;s Blackwell GPUs.",BABA;NVDA;TCEHY
2025-08-30T07:21:41Z,https://www.investing.com/news/commodities-news/trump-demand-for-japan-to-buy-more-us-rice-snagged-trade-talks-nikkei-says-4217476,"Trump demand for Japan to buy more US rice snagged trade talks, Nikkei says",https://www.investing.com/news/commodities-news/trump-demand-for-japan-to-buy-more-us-rice-snagged-trade-talks-nikkei-says-4217476,https://www.investing.com/rss/news.rss,,
2025-08-30T07:21:41Z,https://www.investing.com/news/world-news/senior-us-senator-expects-joint-weapons-production-with-taiwan-4217475,Senior U.S. senator expects joint weapons production with Taiwan,https://www.investing.com/news/world-news/senior-us-senator-expects-joint-weapons-production-with-taiwan-4217475,https://www.investing.com/rss/news.rss,,
2025-08-30T08:10:39Z,47429878,"India's Richest Man Now Going After Mark Zuckerberg's Meta Glasses — After Starbucks, Coca-Cola, Pepsi And Netflix",https://www.benzinga.com/markets/tech/25/08/47429878/indias-richest-man-now-going-after-mark-zuckerbergs-meta-glasses-after-starbucks-coca-cola-pepsi-and-netflix,alpaca,"Reliance Industries, led by Mukesh Ambani, unveiled Jio Frames smart glasses and a $50 billion AI push with Google and Meta partnerships, intensifying its challenge to global tech and consumer brands like Meta, Starbucks, Coca-Cola, Pepsi, and Netflix.",AAPL;DIS;GOOG;GOOGL;KO;META;NFLX;PEP;SBUX
2025-08-30T08:12:32Z,https://www.investing.com/news/stock-market-news/stellantis-to-recall-over-219000-us-vehicles-due-to-an-issue-with-rearview-camera-nhtsa-says-4217479,"Stellantis to recall over 219,000 US vehicles due to an issue with rear-view camera, NHTSA says",https://www.investing.com/news/stock-market-news/stellantis-to-recall-over-219000-us-vehicles-due-to-an-issue-with-rearview-camera-nhtsa-says-4217479,https://www.investing.com/rss/news.rss,,
2025-08-30T08:12:32Z,https://www.investing.com/news/world-news/us-denies-visas-to-palestinian-officials-ahead-of-un-general-assembly-4216910,US bars Palestinian leader Abbas from UN as allies pledge statehood,https://www.investing.com/news/world-news/us-denies-visas-to-palestinian-officials-ahead-of-un-general-assembly-4216910,https://www.investing.com/rss/news.rss,,
2025-08-30T08:12:32Z,https://www.investing.com/news/stock-market-news/whats-next-for-the-ai-rally-in-the-4th-year-4217035,What’s next for the AI rally in the 4th year?,https://www.investing.com/news/stock-market-news/whats-next-for-the-ai-rally-in-the-4th-year-4217035,https://www.investing.com/rss/news.rss,,
2025-08-30T08:12:32Z,https://www.investing.com/news/stock-market-news/has-trumps-chip-for-rare-earth-strategy-backfired-4209111,"Has Trump’s ""Chip for Rare Earth"" strategy backfired?",https://www.investing.com/news/stock-market-news/has-trumps-chip-for-rare-earth-strategy-backfired-4209111,https://www.investing.com/rss/news.rss,,
2025-08-30T08:12:32Z,https://www.investing.com/news/world-news/russian-attack-on-ukraines-zaporizhzhia-kills-one-injures-24-governor-says-4217478,"Russian attack on Ukraine's Zaporizhzhia kills one, injures 24, governor says",https://www.investing.com/news/world-news/russian-attack-on-ukraines-zaporizhzhia-kills-one-injures-24-governor-says-4217478,https://www.investing.com/rss/news.rss,,
2025-08-30T08:12:32Z,https://www.investing.com/news/stock-market-news/investingcoms-stocks-of-the-week-4217056,Investing.com’s stocks of the week,https://www.investing.com/news/stock-market-news/investingcoms-stocks-of-the-week-4217056,https://www.investing.com/rss/news.rss,,
2025-09-09T23:34:13Z,WP-MKTW-0004438359,Trump aims to curb direct-to-consumer ads for drugs. Hims & Hers Health could be targeted.,https://www.marketwatch.com/story/trump-aims-to-curb-direct-to-consumer-ads-for-drugs-hims-hers-health-could-be-targeted-1ce5ba53?mod=mw_rss_topstories,https://www.marketwatch.com/rss/topstories,"President Donald Trump’s administration on Tuesday rolled out an executive action aimed at limiting direct-to-consumer advertising for pharmaceuticals, with officials saying a recent Hims & Hers Health Inc. ad stood out as an example of what should be prevented.",
2025-09-09T23:34:13Z,WP-MKTW-0004433901,These companies could be to self-driving trucks and tractors what Tesla is to cars,https://www.marketwatch.com/story/the-next-vehicles-to-go-driverless-may-shock-you-and-could-be-a-great-investment-b5dfc4f3?mod=mw_rss_topstories,https://www.marketwatch.com/rss/topstories,The next vehicles to go driverless may shock you — and could be a great investment,
2025-09-09T23:34:13Z,WP-MKTW-0004437446,UnitedHealth makes investors like Warren Buffett happy by saying business is fine,https://www.marketwatch.com/story/unitedhealth-makes-investors-like-warren-buffett-happy-by-saying-business-is-fine-c86d9050?mod=mw_rss_topstories,https://www.marketwatch.com/rss/topstories,"UnitedHealth’s stock is surging, which is giving a nice boost to Warren Buffett’s new 5 million-share stake in the health insurer.",
2025-09-09T23:34:13Z,WP-MKTW-0004438660,"GameStop posts 5th straight quarterly profit, thanks to a big sales jump",https://www.marketwatch.com/story/gamestop-posts-fifth-straight-quarterly-profit-thanks-to-a-big-sales-jump-48df93df?mod=mw_rss_topstories,https://www.marketwatch.com/rss/topstories,"The original meme stock reported a 22% rise in sales and a fifth consecutive profit, sending it more than 4% higher after hours Tuesday.",
2025-09-09T23:34:13Z,WP-MKTW-0004437904,Cracker Barrel is halting remodels. An analyst now sees even ‘less visibility’ on the path forward.,https://www.marketwatch.com/story/cracker-barrel-is-halting-remodels-an-analyst-now-sees-even-less-visibility-on-the-path-forward-4ad7a72b?mod=mw_rss_topstories,https://www.marketwatch.com/rss/topstories,"After abandoning a refreshed logo last month in response to anger from conservatives, Cracker Barrel Old Country Store Inc. on Tuesday said it was suspending its remodels, a move one analyst said clouded the path forward for the restaurant chain.",
2025-09-09T23:34:13Z,WP-MKTW-0004438587,Oracle’s stock surges toward its best day since 1999. These huge numbers explain why.,https://www.marketwatch.com/story/oracles-stock-surges-toward-best-day-in-years-these-huge-numbers-explain-why-4a7e95ab?mod=mw_rss_topstories,https://www.marketwatch.com/rss/topstories,"While the latest earnings and revenue numbers came up short, Oracle impressed with its talk of new multibillion-dollar deals and big cloud projections.",
2025-09-09T23:34:13Z,WP-MKTW-0004434384,Billions of dollars in Trump tariffs at stake as Wall Street awaits Supreme Court decision,https://www.marketwatch.com/story/wall-street-sees-upside-for-stocks-if-supreme-court-rules-against-trump-on-tariffs-9d2c071b?mod=mw_rss_topstories,https://www.marketwatch.com/rss/topstories,"A lot hinges on how the Supreme Court rules on tariffs, says Franklin Templeton strategist Rick Polsinello.",
2025-09-09T23:34:13Z,WP-MKTW-0004433489,‘He is increasingly angry’: My troubled son lives with me. How do I ensure he is financially secure after I die?,https://www.marketwatch.com/story/he-is-increasingly-angry-my-troubled-son-lives-with-me-how-do-i-ensure-he-is-financially-secure-after-i-die-7b05559a?mod=mw_rss_topstories,https://www.marketwatch.com/rss/topstories,"“Our family does have a long history of interventions, including hospitalizations.”",
2025-09-09T23:34:13Z,WP-MKTW-0004438038,Emma Heming Willis on moving husband Bruce Willis into a second home for dementia care: ‘I know it raises eyebrows…you have to do what’s right’,https://www.marketwatch.com/story/emma-heming-willis-on-moving-husband-bruce-willis-into-a-second-home-for-dementia-care-i-know-it-raises-eyebrowsyou-have-to-do-whats-right-3ffe931a?mod=mw_rss_topstories,https://www.marketwatch.com/rss/topstories,"At a book launch event with Anderson Cooper, the author talked about “The Unexpected Journey”",
2025-09-09T23:34:13Z,WP-MKTW-0004438014,Nvidia and its Big Tech peers have $1 trillion to spend. What should they do with it?,https://www.marketwatch.com/story/nvidia-and-its-big-tech-peers-have-1-trillion-to-spend-what-should-they-do-with-it-047ebdb3?mod=mw_rss_topstories,https://www.marketwatch.com/rss/topstories,The ‘Magnificent Seven’ could end the year with a combined operating cash flow and net cash of more than $1 trillion. HSBC analysts see a few uses for the money.,
2025-09-10T01:54:48Z,WP-MKTW-0004438476,"Klarna prices IPO well above expected range, raising $1.37 billion",https://www.marketwatch.com/story/klarna-prices-ipo-well-above-expected-range-raising-1-37-billion-bb23d3c5?mod=mw_rss_topstories,https://www.marketwatch.com/rss/topstories,"Klarna’s IPO priced at $40 late Tuesday, well above its expected range of $35 to $37.",
2025-09-10T02:10:59Z,WP-MKTW-0004437861,Incomes rose and poverty fell last year — so why do so many Americans feel ‘tapped out’?,https://www.marketwatch.com/story/incomes-rose-and-poverty-fell-last-year-so-why-do-so-many-americans-feel-tapped-out-6d259e15?mod=mw_rss_topstories,https://www.marketwatch.com/rss/topstories,"Census numbers show “the middle class is tapped out,” economist says.",
